link_id;speed_limit;road_type
391664;100;1010
391663;100;1010
391669;90;1010
391670;90;1010
391640;80;1010
391644;80;1010
391672;100;1010
391673;100;1010
391704;100;1030
391703;100;1030
391701;80;1030
391699;60;1030
391697;60;1030
391695;80;1030
391693;80;1030
391691;80;1030
391689;80;1030
386208;80;1030
397751;50;1040
397752;50;1040
397753;50;1040
397754;50;1040
397757;50;1040
402617;50;1040
402616;50;1040
402615;50;1040
402546;50;1040
402608;50;1040
402607;40;1040
402604;50;1040
402603;50;1040
402602;50;1040
402599;40;1040
402597;40;1040
402596;40;1040
402595;40;1040
402593;40;1040
402592;40;1040
402589;50;1040
402588;50;1040
402548;40;1040
402561;52;1040
402524;91;1010
402523;91;1010
402522;91;1010
402521;91;1010
391680;130;1010
391679;100;1010
391678;100;1010
391677;100;1010
391655;100;1010
391730;40;1030
391731;100;1030
391705;100;1030
391706;100;1030
391707;100;1030
391718;100;1030
391716;80;1030
391715;80;1030
391634;100;1010
391671;90;1010
391694;80;1030
391692;80;1030
391690;80;1030
386210;80;1030
386211;80;1030
386207;80;1030
386206;80;1030
386205;80;1030
386204;80;1030
386203;80;1030
386202;80;1030
386201;80;1030
386200;80;1030
386236;50;1050
386238;50;1050
386240;30;1050
386241;30;1050
386243;50;1050
386246;40;1050
386249;40;1050
386250;40;1050
396424;40;1050
396427;40;1050
396428;40;1050
396429;40;1050
396431;50;1050
396432;50;1050
396433;40;1050
396435;40;1050
396436;40;1050
396439;40;1050
396440;40;1050
396441;40;1050
397094;50;1050
396437;40;1050
396430;40;1050
386248;40;1050
386245;40;1050
386237;50;1050
386224;80;1030
386222;80;1030
386221;80;1030
386220;80;1030
386219;70;1030
386218;70;1030
386216;80;1030
386215;80;1030
386214;80;1030
386213;80;1030
386212;80;1030
386209;80;1030
391744;80;1030
391743;80;1030
391742;80;1030
391741;80;1030
391739;80;1030
391723;100;1030
391722;100;1030
391721;60;1030
391720;100;1030
391719;100;1030
391717;80;1030
391641;80;1010
391645;91;1010
391682;80;1010
391681;130;1010
402536;91;1010
402534;100;1010
402533;100;1010
402532;100;1010
402531;100;1010
402530;100;1010
402529;100;1010
403246;130;1010
403245;130;1010
403244;130;1010
403243;130;1010
391674;40;1010
391700;60;1030
391696;80;1030
386255;50;1050
386239;40;1050
396426;40;1050
403235;130;1010
403234;130;1010
403233;130;1010
403232;130;1010
402528;130;1010
402527;130;1010
402526;130;1010
402525;130;1010
391656;100;1010
391659;100;1010
386199;80;1030
386196;80;1030
386195;80;1030
386194;80;1030
386192;80;1030
386190;80;1030
386188;80;1030
386187;80;1030
384839;80;1030
384841;70;1030
383515;70;1030
383518;70;1030
383606;50;1050
383520;80;1030
383521;80;1030
383522;80;1030
383523;60;1030
383524;60;1030
383526;60;1030
383584;40;1040
383586;30;1040
383587;30;1040
383588;60;1040
383589;60;1040
384168;50;1050
384166;50;1050
384165;50;1050
384164;50;1050
384163;50;1050
383596;50;1050
383597;50;1050
383598;50;1050
383599;50;1050
383600;50;1050
383612;50;1050
384835;80;1030
384836;80;1030
384838;80;1030
386234;80;1030
386233;80;1030
386232;80;1030
386231;80;1030
386229;80;1030
386228;80;1030
386227;80;1030
386217;80;1030
391738;80;1030
391737;80;1030
391736;100;1030
391729;40;1030
391653;91;1010
391646;91;1010
402535;91;1010
402549;40;1040
402586;50;1040
402562;50;1040
402564;50;1040
402579;50;1040
402578;50;1040
402577;50;1040
402576;50;1040
402575;50;1040
402574;50;1040
402573;50;1040
386251;40;1050
397093;50;1050
397110;50;1050
397109;50;1050
397107;50;1050
397106;50;1050
397105;50;1050
397103;50;1050
396442;50;1050
396444;50;1050
396445;50;1050
396446;50;1050
396447;50;1050
396400;50;1040
396398;50;1040
397743;50;1040
397744;50;1040
397745;50;1040
397747;50;1040
397749;50;1040
391740;80;1030
391714;67;1030
391642;80;1010
402550;40;1040
402560;52;1040
391660;80;1010
391658;100;1010
391702;100;1030
391698;60;1030
386193;80;1030
386189;67;1030
384840;80;1030
383519;70;1030
383604;50;1050
383603;50;1050
383611;50;1050
383608;50;1050
383607;50;1050
382902;50;1050
383616;50;1050
383514;80;1030
384833;70;1030
384834;70;1030
384837;80;1030
391633;100;1010
386247;40;1050
396425;40;1050
399231;40;1050
397772;50;1040
397774;50;1040
397775;50;1040
397756;50;1040
402609;50;1040
402590;50;1040
402587;50;1040
402584;50;1040
402558;52;1040
403247;100;1010
391650;40;1010
391649;40;1010
391647;40;1010
391657;100;1010
402585;50;1040
386242;50;1050
391662;100;1010
390996;91;1010
390997;91;1010
390998;91;1010
390999;130;1010
391000;130;1010
385603;130;1010
385602;130;1010
385601;130;1010
385600;130;1010
385598;130;1010
385633;80;1040
385631;80;1040
385630;50;1040
385625;80;1040
385624;80;1040
385623;60;1040
385642;80;1040
385629;80;1040
385628;60;1040
382196;60;1040
382197;40;1040
382204;80;1040
385637;80;1040
385635;80;1040
385608;130;1010
385607;130;1010
385606;130;1010
385605;130;1010
385604;130;1010
390989;130;1010
390990;130;1010
390991;100;1010
390992;100;1010
390994;100;1010
390995;100;1010
391688;80;1010
391654;91;1010
391648;40;1010
385599;130;1010
385632;80;1040
385621;70;1040
385643;70;1040
382198;80;1040
385636;80;1040
391631;100;1010
391632;100;1010
386223;80;1030
397104;50;1050
396443;50;1050
397746;50;1040
391643;80;1010
386198;80;1030
383516;70;1030
383605;50;1050
383609;50;1050
396434;40;1050
397742;50;1040
397748;50;1040
396381;70;1040
391651;91;1010
385634;80;1040
386191;80;1030
383525;60;1030
383528;60;1030
383529;70;1030
383530;70;1030
383571;60;1040
383569;60;1040
383568;60;1040
383566;60;1040
383565;60;1040
383564;60;1040
382880;60;1040
382881;60;1040
382882;60;1040
382884;50;1040
382885;50;1040
382897;50;1040
382895;50;1040
382893;50;1040
382892;50;1040
382890;50;1040
382889;50;1040
382887;50;1040
382886;50;1040
384843;50;1040
384844;50;1040
384845;50;1040
384846;50;1040
384848;50;1040
384849;50;1040
384850;50;1040
385611;30;1040
385647;30;1040
385646;70;1040
385645;70;1040
385644;70;1040
386256;50;1050
402582;50;1040
402581;50;1040
402556;52;1040
402559;52;1040
383602;50;1050
396438;40;1050
402606;50;1040
402600;40;1040
402598;40;1040
402594;40;1040
402563;50;1040
397097;50;1050
397750;50;1040
402591;50;1040
383617;50;1050
383513;80;1030
391728;80;1030
391727;80;1030
391725;80;1030
391661;80;1010
385597;130;1010
385596;130;1010
382136;130;1010
382135;130;1010
382134;130;1010
382133;130;1010
382132;130;1010
381423;130;1010
381424;130;1010
203731;130;1010
202394;52;1040
202344;130;1010
202391;40;1040
202343;91;1010
202342;91;1010
202341;130;1010
202340;130;1010
202339;130;1010
201669;130;1010
200267;130;1010
200266;100;1010
200265;100;1010
200264;100;1010
200263;100;1010
200261;100;1010
200262;40;1010
200300;100;1010
200302;100;1010
200303;80;1010
201044;80;1010
201045;80;1010
201046;70;1010
201047;70;1010
201048;70;1010
201049;70;1010
201071;70;1030
201067;70;1030
201066;70;1030
201065;70;1030
201063;70;1030
201670;70;1030
201690;70;1040
201689;50;1040
201688;40;1040
201687;40;1040
201685;70;1040
201684;70;1040
204481;70;1040
204483;70;1040
204485;70;1040
204486;70;1040
204488;70;1040
204489;70;1040
204491;70;1040
204492;70;1040
204493;70;1040
204495;70;1040
204524;70;1040
204505;70;1040
205170;70;1040
205165;70;1040
205163;70;1040
205161;70;1040
205150;70;1040
205148;70;1040
205147;70;1040
205144;70;1040
205142;70;1040
205184;40;1040
205134;40;1040
205137;40;1040
219427;50;1050
219428;50;1050
219429;70;1050
219430;70;1050
219397;70;1040
219398;70;1040
219399;60;1040
219400;60;1040
219401;60;1040
219402;60;1040
219404;60;1040
219405;60;1040
219406;60;1040
219395;50;1040
219365;70;1030
219366;70;1030
383499;70;1030
383500;70;1030
383501;70;1030
383549;70;1040
383505;70;1030
383506;70;1030
383507;70;1030
383508;70;1030
383509;80;1030
383511;80;1030
386226;80;1030
204482;70;1040
204490;70;1040
204494;70;1040
205171;70;1040
205168;70;1040
205094;70;1040
205093;70;1040
205090;70;1040
205087;70;1040
205086;70;1040
204542;70;1040
204543;70;1040
204545;70;1040
204547;70;1040
204548;70;1040
204551;70;1040
204553;70;1040
204554;70;1040
204556;70;1040
204557;70;1040
204558;70;1040
204559;70;1040
201682;50;1040
201680;40;1040
201675;40;1040
201674;40;1040
201709;50;1050
201706;50;1050
201705;50;1050
201703;50;1050
201701;50;1050
201697;50;1050
201695;50;1050
201694;50;1050
201693;50;1050
201692;50;1050
201691;40;1050
201090;40;1050
201091;40;1050
201092;50;1050
201094;50;1050
201095;50;1050
201114;50;1050
201097;50;1050
201111;50;1050
201108;50;1050
204496;70;1040
204503;52;1040
205162;70;1040
204549;70;1040
204552;70;1040
204555;70;1040
201677;40;1040
201707;50;1050
201704;50;1050
201702;50;1050
201698;50;1050
201696;50;1050
204484;70;1040
204487;70;1040
204525;70;1040
204526;52;1040
204528;70;1040
218184;70;1040
218185;70;1040
218186;70;1040
218187;70;1040
218188;70;1040
218189;70;1040
218190;70;1040
218787;70;1040
218791;60;1040
218793;60;1040
218794;60;1040
218795;60;1040
218796;60;1040
218799;60;1040
218784;60;1040
218783;60;1040
218782;60;1040
218781;60;1040
218780;60;1040
218778;60;1040
218777;60;1040
218774;60;1040
219413;60;1040
220733;60;1040
220732;60;1040
220731;60;1040
220729;60;1040
220728;60;1040
383535;60;1040
384155;60;1040
384153;60;1040
220790;60;1040
220789;60;1040
220788;60;1040
220787;60;1040
220784;60;1040
220722;60;1040
220721;60;1040
220720;60;1040
220858;50;1050
220857;40;1050
220726;60;1040
220725;60;1040
220779;60;1040
220768;60;1040
220771;60;1040
220773;60;1040
220774;60;1040
384156;60;1040
383537;60;1040
220791;60;1040
220793;60;1040
220794;60;1040
220795;60;1040
220796;60;1040
218767;50;1040
218768;70;1040
219393;70;1040
219394;70;1040
219374;50;1040
219382;50;1040
219379;60;1040
219378;60;1040
219377;60;1040
219376;70;1040
219375;70;1040
219436;70;1050
219435;40;1050
205138;40;1040
205117;50;1040
205115;50;1040
205114;50;1040
205110;70;1040
205109;70;1040
205107;70;1040
201700;50;1050
201686;40;1040
201673;52;1040
201672;50;1040
201671;50;1030
201062;70;1030
201061;70;1030
201060;70;1030
201058;70;1030
201057;70;1030
201053;80;1030
201051;80;1010
201052;80;1010
200304;80;1010
200256;80;1010
200257;80;1010
200258;80;1010
200259;80;1010
200260;50;1010
201041;100;1010
201042;100;1010
201043;100;1010
199646;100;1010
199647;130;1010
199648;130;1010
199649;130;1010
209169;130;1010
209168;100;1010
208489;80;1010
208490;40;1010
208564;80;1030
209172;80;1030
209173;80;1030
209260;50;1050
209235;50;1050
209202;50;1050
209203;50;1050
209205;40;1050
209207;60;1050
209209;60;1050
209230;60;1050
209231;40;1050
209243;40;1050
209245;50;1050
209246;40;1050
209188;80;1030
208563;80;1030
208562;80;1030
208502;80;1010
208501;40;1010
208529;100;1010
208528;100;1010
208527;100;1010
209171;100;1010
209170;130;1010
199609;130;1010
199611;130;1010
199612;100;1010
201039;100;1010
201040;100;1010
200286;80;1010
200289;70;1010
200276;70;1010
200278;50;1010
200279;40;1010
200280;40;1010
200299;100;1010
200301;100;1010
201070;70;1030
201064;70;1030
205169;70;1040
205160;70;1040
205149;70;1040
205145;70;1040
205143;70;1040
205141;70;1040
205135;40;1040
382898;50;1040
382899;50;1040
382900;60;1040
383562;60;1040
383560;60;1040
383552;50;1040
383577;60;1040
383591;60;1040
383592;60;1040
383593;60;1040
220785;60;1040
220767;60;1040
220770;60;1040
220772;60;1040
383543;60;1040
383544;60;1040
383546;60;1040
383547;60;1040
383579;60;1040
383581;60;1040
383567;60;1040
205118;50;1040
205116;50;1040
205112;50;1040
205108;70;1040
201699;50;1050
205164;70;1040
205159;70;1040
219403;60;1040
219407;60;1040
219410;60;1040
219411;60;1040
219389;60;1040
218769;60;1040
218770;60;1040
220734;60;1040
220786;60;1040
220775;60;1040
384146;60;1040
384147;60;1040
394497;60;1040
394495;60;1040
394494;60;1040
394493;60;1040
394492;60;1040
394491;60;1040
394489;60;1040
394488;60;1040
384149;60;1040
384150;60;1040
384151;60;1040
384152;60;1040
220781;60;1040
383538;60;1040
220792;60;1040
219390;70;1040
205088;70;1040
383550;40;1040
383551;40;1040
383590;60;1040
220723;60;1040
220717;52;1040
220715;50;1040
220714;50;1040
220713;50;1040
220712;50;1040
220711;50;1040
220871;50;1050
220873;50;1050
220296;50;1050
220299;45;1050
220301;45;1050
220302;45;1050
220304;45;1050
220288;50;1050
220287;50;1050
220286;50;1050
220311;50;1050
220315;50;1050
220318;50;1050
220269;40;1050
220270;50;1050
220271;50;1050
220272;50;1050
220273;50;1050
220265;50;1050
220322;50;1050
220321;50;1050
218763;60;1040
218761;60;1040
218760;60;1040
218759;60;1040
218758;60;1040
218757;60;1040
218756;60;1040
218821;60;1040
218804;60;1040
218806;60;1040
218807;60;1040
218808;60;1040
218818;60;1040
218177;70;1040
218178;70;1040
218179;70;1040
218180;70;1040
218181;70;1040
218197;50;1050
218199;50;1050
218201;50;1050
218203;40;1050
204550;70;1040
203036;50;1050
203037;50;1050
203039;50;1050
203045;50;1050
202408;50;1050
202409;50;1050
202386;70;1040
202382;50;1040
202380;50;1040
202379;50;1040
202354;60;1040
202353;60;1040
202352;60;1040
202351;80;1040
203755;80;1040
203748;80;1040
203749;80;1040
203750;80;1040
203751;80;1040
202407;80;1040
202404;60;1040
202403;60;1040
202402;60;1040
202400;60;1040
202373;50;1040
202374;50;1040
202372;50;1040
202361;50;1040
202362;70;1040
202364;70;1040
203038;50;1050
203031;50;1050
204523;70;1040
205140;70;1040
383553;30;1040
383557;30;1040
383531;70;1030
383532;70;1030
383533;70;1030
383534;70;1030
219367;70;1030
219369;70;1030
219370;70;1030
219371;70;1030
219372;70;1030
218744;70;1030
218741;70;1030
218739;70;1030
218827;70;1040
218198;50;1050
218202;40;1050
205089;70;1040
204529;70;1040
218195;50;1050
218232;50;1050
218223;40;1050
218217;50;1050
218215;50;1050
218214;50;1050
219415;50;1050
219417;50;1050
219420;50;1050
219426;45;1050
219433;45;1050
382896;50;1040
382901;50;1050
383615;45;1050
219386;70;1040
219387;50;1040
219388;50;1040
220730;60;1040
220782;60;1040
220780;60;1040
220769;60;1040
218765;60;1040
218764;60;1040
218762;60;1040
218755;60;1040
218805;60;1040
205172;70;1040
384148;60;1040
220724;60;1040
205111;70;1040
218788;70;1040
218753;60;1040
218810;60;1040
218182;70;1040
218183;70;1040
204509;70;1040
204544;70;1040
218205;40;1050
218210;50;1050
218227;50;1050
218228;40;1050
205202;40;1050
205201;40;1050
205091;70;1040
218792;60;1040
218798;60;1040
217432;60;1040
217433;60;1040
218812;60;1040
218811;60;1040
218801;60;1040
218800;60;1040
218766;50;1040
220736;50;1040
220738;50;1040
220739;50;1040
220740;50;1040
220747;50;1040
218754;60;1040
218752;60;1040
217438;60;1040
217440;60;1040
217442;50;1040
217484;50;1050
217489;50;1050
217481;50;1050
215380;50;1050
215379;50;1050
215388;50;1050
215389;50;1050
215364;70;1030
215366;70;1030
215367;70;1030
215368;70;1030
218749;70;1030
218747;70;1030
218746;70;1030
218745;70;1030
219362;70;1030
219363;70;1030
219364;70;1030
383503;70;1030
383540;60;1040
220799;60;1040
204502;52;1040
205167;70;1040
383539;60;1040
220797;60;1040
217434;60;1040
217435;60;1040
217444;50;1040
217447;50;1040
216676;40;1040
216673;50;1040
217418;50;1040
217419;50;1040
217420;50;1040
217488;50;1050
217482;50;1050
215377;50;1050
215376;50;1050
215375;50;1050
215373;40;1050
214725;40;1050
214728;50;1050
214729;60;1050
214731;60;1050
214701;60;1040
214700;60;1040
214699;60;1040
214698;60;1040
201676;60;1040
220727;60;1040
218820;60;1040
218819;60;1040
218817;60;1040
204504;52;1040
219396;70;1040
383563;60;1040
383585;30;1040
220766;50;1040
218816;60;1040
218196;50;1050
203034;50;1050
202385;50;1040
202355;50;1040
203756;80;1040
203752;80;1040
202401;60;1040
202399;60;1040
202360;50;1040
202363;70;1040
203044;50;1050
203040;50;1050
203032;50;1050
205133;50;1040
384167;50;1050
384162;50;1050
384160;50;1050
384159;50;1050
383594;50;1050
204510;70;1040
201708;50;1050
201683;70;1040
205119;40;1040
383510;80;1030
391733;80;1030
391726;80;1030
397776;50;1040
397778;50;1040
397779;50;1040
397780;50;1040
397781;50;1040
397782;50;1040
397783;50;1040
396394;50;1040
396448;50;1050
396451;50;1050
396452;50;1050
396454;50;1050
396455;50;1050
397102;50;1050
397101;50;1050
397099;50;1050
397096;50;1050
397092;50;1050
397091;50;1050
395705;50;1050
395704;50;1050
395691;50;1050
395689;50;1050
395687;50;1050
395686;50;1050
395684;50;1050
395135;50;1050
395133;50;1050
395132;50;1050
395131;50;1050
395129;50;1050
395128;50;1050
395072;50;1050
395071;50;1050
395070;50;1050
395069;50;1050
395068;50;1050
395067;50;1050
394513;50;1050
394512;50;1050
394511;50;1050
394510;50;1050
394509;50;1050
394508;50;1050
394522;50;1050
394521;50;1050
232308;50;1050
232307;50;1050
232306;50;1050
232304;50;1050
232303;50;1050
220820;50;1050
220821;50;1050
220822;50;1050
220829;50;1050
220864;50;1050
220860;50;1050
220859;50;1050
220762;50;1040
220763;50;1040
218192;50;1050
218191;50;1050
215396;50;1050
215395;45;1050
215394;45;1050
215393;45;1050
215390;45;1050
204560;45;1050
204561;45;1050
215391;45;1050
218194;50;1050
218789;50;1040
218825;50;1040
218786;60;1040
218785;60;1040
218776;60;1040
220840;50;1050
220839;50;1050
220834;45;1050
220817;50;1050
220818;50;1050
220819;50;1050
232313;50;1050
232310;50;1050
232309;50;1050
394520;50;1050
394517;50;1050
394516;50;1050
394515;50;1050
394514;50;1050
395151;50;1050
395150;50;1050
395149;50;1050
395148;50;1050
395146;50;1050
395145;50;1050
395144;50;1050
395142;50;1050
395141;50;1050
395139;50;1050
395138;50;1050
395136;50;1050
395716;50;1050
395715;50;1050
395713;50;1050
395711;50;1050
395710;50;1050
395709;50;1050
395707;50;1050
395706;50;1050
397113;50;1050
397111;50;1050
396399;50;1040
396389;70;1040
218838;50;1050
220256;50;1050
220254;40;1050
220252;50;1050
220250;50;1050
220234;50;1050
220237;50;1050
220257;50;1050
220240;50;1050
220334;50;1050
220333;50;1050
220332;50;1050
220264;50;1050
220262;50;1050
220261;50;1050
220260;50;1050
217459;50;1050
217460;50;1050
217462;50;1050
217457;50;1050
217456;40;1050
217520;50;1050
204497;50;1040
204512;60;1040
218797;60;1040
217439;60;1040
217445;50;1040
216672;50;1040
216671;50;1040
216675;40;1040
217423;60;1040
217426;60;1040
217428;60;1040
217431;60;1040
218802;60;1040
204511;70;1040
204508;50;1040
204538;60;1040
201679;60;1040
214697;60;1040
214696;60;1040
214695;60;1040
214694;60;1040
214692;60;1040
214718;50;1050
214721;50;1050
214723;40;1050
215407;40;1050
215405;50;1050
215404;50;1050
215402;50;1050
215401;50;1050
215381;50;1050
215382;50;1050
218193;50;1050
204498;52;1040
204539;60;1040
218839;50;1050
220251;50;1050
220249;50;1050
217511;50;1050
217512;40;1050
217513;40;1050
217514;50;1050
217515;50;1050
383548;40;1040
219368;70;1030
219385;40;1040
219384;40;1040
219383;40;1040
205113;50;1040
205106;70;1040
220255;40;1050
220253;40;1050
217452;40;1050
217451;40;1050
217470;40;1050
217507;50;1050
217509;50;1050
217510;50;1050
217458;50;1050
220331;50;1050
220330;50;1050
220292;50;1050
220297;50;1050
220875;50;1050
220755;50;1040
220756;50;1040
220757;50;1040
220758;40;1040
220759;50;1040
220761;50;1040
220764;50;1040
205092;70;1040
218220;40;1050
218218;50;1050
218216;50;1050
219416;50;1050
219419;50;1050
219437;45;1050
218771;50;1040
220735;50;1040
220746;50;1040
220750;50;1040
220752;50;1040
220754;50;1040
220760;50;1040
232305;50;1050
383545;60;1040
219381;50;1040
219438;20;1050
219439;20;1050
219414;50;1050
218213;50;1050
214717;60;1050
214719;60;1050
220238;50;1050
220239;50;1050
220329;50;1050
220328;40;1050
220327;50;1050
220294;50;1050
220293;50;1050
220284;50;1050
220285;50;1050
220316;50;1050
220266;50;1050
231763;50;1050
220274;50;1050
220280;40;1050
220310;50;1050
220326;50;1050
220811;50;1040
220807;50;1040
220806;50;1040
220805;50;1040
220802;50;1040
220798;50;1040
217437;60;1040
217443;50;1040
217479;50;1050
218813;50;1040
218814;50;1040
218815;50;1040
204540;52;1040
204541;52;1040
220263;50;1050
220259;50;1050
220258;50;1050
220236;50;1050
220235;50;1050
220247;50;1050
220245;50;1050
220244;50;1050
218834;50;1050
218835;50;1050
217427;60;1040
204500;52;1040
204516;60;1040
204518;60;1040
204519;60;1040
204565;60;1050
203019;60;1050
201681;40;1040
204499;52;1040
220278;50;1050
220277;50;1050
220810;50;1040
220809;50;1040
220801;50;1040
220309;50;1050
220874;50;1050
220878;50;1050
220233;50;1040
220803;50;1040
219380;60;1040
218208;40;1050
201056;70;1030
201050;80;1010
208536;80;1010
208537;80;1010
208538;80;1010
208539;130;1010
208540;130;1010
208542;130;1010
208543;130;1010
223448;130;1010
223449;130;1010
223450;130;1010
223451;130;1010
223452;130;1010
223453;130;1010
223444;120;1010
223445;120;1010
223447;120;1010
208560;120;1010
208559;120;1010
208558;120;1010
208556;120;1010
208555;120;1010
208554;130;1010
208553;130;1010
208552;100;1010
208551;100;1010
208549;100;1010
208532;100;1010
208533;100;1010
208534;100;1010
199610;130;1010
200277;70;1010
204501;52;1040
205104;70;1040
205105;70;1040
217508;50;1050
220242;50;1050
204546;70;1040
214693;60;1040
214722;40;1050
204515;60;1040
204566;60;1050
215374;50;1050
204527;70;1040
218751;60;1040
217464;50;1050
217522;50;1050
220248;50;1050
220243;50;1050
218836;50;1050
218803;60;1040
218200;50;1050
214727;50;1050
201059;70;1030
201104;50;1050
201107;50;1050
205095;70;1040
218738;70;1030
215369;70;1030
217521;50;1050
217465;50;1050
217467;50;1050
217505;50;1050
217502;50;1050
217501;50;1050
217500;50;1050
217498;50;1050
217497;50;1050
217486;50;1050
217424;60;1040
217429;60;1040
214724;40;1050
214726;50;1050
220303;45;1050
220870;50;1050
220705;50;1040
220231;50;1040
220804;50;1040
217461;50;1050
217463;50;1050
220282;50;1050
220267;40;1050
220808;50;1040
205139;40;1040
218829;70;1040
218831;70;1040
218832;70;1040
201678;50;1040
214690;60;1040
214688;60;1040
214687;60;1040
214686;60;1040
214673;52;1040
214675;52;1040
214637;60;1030
214638;70;1030
214715;50;1050
214654;60;1040
214660;60;1040
214706;60;1040
214705;60;1040
214702;50;1040
383504;70;1030
383578;50;1040
383573;50;1040
383570;60;1040
218222;50;1050
219432;45;1050
204514;60;1040
203020;60;1050
203023;60;1050
203024;60;1050
203025;60;1050
204567;60;1050
204532;60;1040
204533;60;1040
204536;60;1040
214689;60;1040
214679;52;1040
214680;40;1040
214042;60;1030
212584;60;1030
211986;40;1040
211987;50;1040
211988;50;1040
211989;50;1040
211990;40;1040
214044;50;1040
214046;40;1040
214047;40;1040
214048;50;1040
214049;50;1040
214051;40;1040
214053;50;1040
214708;50;1040
214707;50;1040
215392;45;1050
219424;50;1050
220737;50;1040
220748;50;1040
220745;50;1040
220753;50;1040
220824;50;1050
220826;50;1050
220848;50;1050
205185;70;1040
205186;70;1040
205181;50;1040
205180;50;1040
205179;40;1040
205178;50;1040
205177;40;1040
205176;50;1040
205152;70;1040
205174;60;1040
205173;60;1040
204506;60;1040
217422;60;1040
219422;50;1050
220290;40;1050
220812;40;1050
220813;50;1050
220814;50;1050
220742;50;1040
220279;50;1050
220283;50;1050
205203;50;1050
218219;40;1050
218212;40;1050
218209;40;1050
219409;40;1040
215370;70;1030
215371;70;1030
214641;70;1030
214642;70;1030
214644;70;1030
214645;70;1030
214646;70;1030
214039;70;1030
214041;60;1030
212582;60;1030
212581;60;1030
212580;60;1030
212579;60;1030
212578;60;1030
212577;60;1030
212576;60;1030
212575;60;1030
212574;60;1030
209928;60;1030
209929;60;1030
209930;60;1030
209931;60;1030
209933;60;1030
209934;60;1030
209935;60;1030
209954;50;1040
209952;50;1040
209958;50;1040
209924;60;1030
209925;60;1030
209926;60;1030
212596;60;1030
212594;60;1030
212593;60;1030
212592;60;1030
212591;60;1030
212590;60;1030
212589;60;1030
212587;60;1030
212586;60;1030
212585;60;1030
214035;60;1030
214036;60;1030
214037;60;1030
214636;60;1030
214714;50;1050
218750;70;1030
201105;50;1050
201109;50;1050
201093;50;1050
201110;50;1050
217499;50;1050
217504;50;1050
217468;50;1050
214685;60;1040
214682;40;1040
215951;50;1040
215948;50;1040
215947;50;1040
215945;50;1040
215943;50;1040
215942;40;1040
215940;50;1040
215938;50;1040
215937;50;1040
215986;50;1050
215985;50;1050
215987;50;1050
215989;50;1050
215974;50;1050
216720;50;1050
216718;50;1050
216717;50;1050
216716;50;1050
216710;50;1050
216709;50;1050
216708;50;1050
216705;50;1050
217474;50;1050
217473;50;1050
217472;40;1050
217471;40;1050
217469;50;1050
218830;70;1040
217430;60;1040
220707;50;1040
220232;50;1040
220295;50;1050
220307;50;1050
220325;50;1050
220324;50;1050
220323;50;1050
217523;50;1050
217524;50;1050
220281;40;1050
218775;60;1040
217441;60;1040
215384;50;1050
215385;50;1050
214713;50;1050
214712;50;1050
214711;50;1050
214709;50;1050
214643;70;1030
214040;60;1030
212599;50;1050
212601;50;1050
212602;50;1050
212605;50;1050
212607;50;1050
212608;50;1050
212610;50;1050
212606;50;1050
212600;50;1050
212598;50;1050
209936;60;1030
209976;45;1050
209978;45;1050
209939;60;1030
209177;60;1030
209178;60;1030
209181;80;1030
209182;80;1030
209183;80;1030
209184;80;1030
209185;60;1030
209186;60;1030
209187;80;1030
208504;80;1010
208548;80;1010
208547;80;1010
208546;80;1010
208544;80;1010
208481;100;1010
207770;130;1010
207769;100;1010
208517;90;1010
208516;90;1010
208515;90;1010
208514;90;1010
208513;80;1010
208512;80;1010
208510;80;1010
208508;80;1010
208526;100;1010
219431;45;1050
383620;50;1050
384170;50;1050
394530;50;1050
394533;50;1050
394528;50;1050
394526;50;1050
394525;50;1050
394523;50;1050
217454;50;1050
217453;50;1050
216674;40;1040
216678;40;1040
217421;50;1040
217425;60;1040
231761;50;1050
231760;50;1050
231758;40;1050
231756;40;1050
231764;50;1050
231765;50;1050
231766;50;1050
231767;50;1050
231768;50;1050
231769;50;1050
231770;50;1050
231772;50;1050
231773;50;1050
233079;50;1050
231736;50;1050
231737;50;1050
231739;50;1050
231740;50;1050
231741;50;1050
231743;50;1050
231745;50;1050
231746;50;1050
231747;40;1050
231748;40;1050
231753;40;1050
231752;40;1050
231750;40;1050
220268;40;1050
220246;50;1050
216704;50;1050
216693;50;1050
216691;50;1050
216690;50;1050
216689;50;1050
216688;50;1050
216686;50;1050
216685;50;1050
216684;50;1050
216680;40;1040
220300;45;1050
218221;45;1050
218772;60;1040
218790;70;1040
208565;80;1030
209174;80;1030
209175;80;1030
209176;80;1030
209912;80;1030
209914;80;1030
209916;80;1030
209917;80;1030
209918;80;1030
209920;60;1030
209921;60;1030
209922;60;1030
209923;60;1030
212595;60;1030
214034;60;1030
383619;50;1050
383622;45;1050
383624;45;1050
220241;50;1050
220298;45;1050
204537;60;1040
215397;45;1050
383541;60;1040
220776;60;1040
395044;60;1040
395045;60;1040
395115;50;1050
395116;50;1050
395119;50;1050
395121;50;1050
395122;50;1050
395124;50;1050
395109;50;1050
395108;50;1050
395714;50;1050
395712;50;1050
395685;50;1050
395127;50;1050
394505;50;1050
394503;50;1050
220847;40;1050
220846;40;1050
220845;40;1050
220844;40;1050
220843;40;1050
220842;40;1050
220710;50;1040
220230;50;1040
214681;40;1040
231762;50;1050
231759;50;1050
231771;50;1050
233078;50;1050
231744;50;1050
231749;40;1050
231751;40;1050
218226;40;1050
204517;60;1040
215406;50;1050
217492;50;1050
217495;50;1050
217503;50;1050
217518;50;1050
220276;50;1050
217455;50;1050
217450;50;1050
217449;50;1050
216703;50;1050
217478;50;1050
217476;50;1050
217475;50;1050
220741;50;1040
220743;50;1040
220800;50;1040
201055;70;1030
217519;50;1050
217436;60;1040
216677;40;1040
216667;50;1040
216664;50;1040
216661;50;1040
216660;40;1040
216658;50;1040
216657;40;1040
216655;50;1040
216654;50;1040
215952;50;1040
215975;50;1050
215976;50;1050
215967;50;1050
215966;50;1050
215965;50;1050
215964;40;1050
216000;50;1050
215999;50;1050
215997;50;1050
215994;50;1050
215993;50;1050
215992;50;1050
215991;50;1050
216715;50;1050
216714;50;1050
216712;50;1050
216706;50;1050
383575;50;1040
383558;50;1040
383556;50;1040
218230;50;1050
215399;50;1050
215378;45;1050
214043;60;1030
209932;60;1030
209937;60;1030
209938;60;1030
209226;60;1050
209227;60;1050
209228;60;1050
209242;40;1050
209189;80;1030
215398;50;1050
214678;52;1040
217480;50;1050
218211;40;1050
217496;50;1050
214683;52;1040
214647;52;1040
215919;50;1040
214666;40;1040
214668;40;1040
214639;70;1030
214640;70;1030
215362;70;1030
215363;70;1030
218740;70;1030
218828;70;1040
203041;50;1050
202378;52;1040
202388;40;1040
202389;40;1040
202393;40;1040
202345;130;1010
203730;130;1010
381421;130;1010
381422;130;1010
382140;130;1010
382139;130;1010
382229;80;1040
385610;130;1010
385609;130;1010
391687;80;1010
217417;50;1040
217477;50;1050
217490;50;1050
220833;50;1050
220719;50;1040
220306;50;1050
220836;45;1050
220706;50;1040
205200;40;1050
204563;60;1050
203026;40;1050
203028;70;1050
203030;50;1050
215950;50;1040
214669;40;1040
214652;52;1040
214653;60;1040
214659;60;1040
214684;52;1040
215927;40;1040
215924;40;1040
215922;40;1040
214667;40;1040
214657;60;1040
214704;50;1040
204562;45;1050
209204;50;1050
209206;40;1050
209210;60;1050
209211;60;1050
209212;60;1050
209215;60;1050
209250;50;1050
209252;50;1050
209253;60;1050
211161;60;1040
211162;60;1040
211163;60;1040
211164;60;1040
211165;60;1040
213214;50;1050
213213;50;1050
213212;50;1050
213211;50;1050
213210;50;1050
213208;4;1050
213207;50;1050
213206;50;1050
213205;50;1050
216002;50;1050
215995;50;1050
215979;50;1050
215980;50;1050
215981;50;1050
215982;50;1050
215984;50;1050
216656;50;1040
216659;40;1040
216663;50;1040
216665;50;1040
216669;50;1040
215971;50;1050
215970;50;1050
215969;50;1050
215968;50;1050
216004;50;1050
213204;50;1050
213203;50;1050
213202;50;1050
213201;50;1050
213200;50;1050
213199;50;1050
213197;50;1050
213196;50;1050
213195;50;1050
213194;50;1050
213193;50;1050
211166;60;1040
211167;60;1040
211169;60;1040
211171;60;1040
211172;60;1040
211173;60;1040
211174;60;1040
211175;60;1040
211177;60;1040
211183;50;1050
216001;45;1050
216668;50;1040
215988;50;1050
211168;60;1040
211176;60;1040
209194;60;1040
209193;60;1040
209254;60;1050
209200;60;1040
209236;50;1050
209237;50;1050
209219;60;1050
209221;60;1050
209222;60;1050
209223;60;1050
209225;60;1050
209229;60;1050
209234;50;1050
208561;80;1030
209208;60;1050
209192;60;1040
209191;60;1040
209190;60;1040
208570;60;1040
208571;60;1040
208572;60;1040
208573;60;1040
208574;60;1040
223535;60;1040
223533;80;1040
223532;80;1040
223531;80;1040
223530;80;1040
223529;80;1040
223527;80;1040
223526;80;1040
223525;52;1040
223501;50;1040
223500;50;1040
223512;50;1040
223483;50;1040
223480;80;1040
223479;80;1040
223478;80;1040
223477;80;1040
223476;80;1040
223474;60;1040
208566;60;1040
208567;60;1040
208568;60;1040
208569;60;1040
209201;60;1040
209257;60;1050
209256;60;1050
209220;60;1050
209244;50;1050
200285;100;1010
218826;50;1040
218748;70;1030
220744;50;1040
220751;50;1040
205120;40;1040
386225;80;1030
386244;40;1050
396423;50;1050
396421;50;1050
396417;50;1050
396412;60;1040
396413;52;1040
396414;60;1040
395681;60;1040
395680;60;1040
395678;60;1040
395677;60;1040
395675;60;1040
395674;60;1040
395054;60;1040
395055;60;1040
395058;60;1040
395060;60;1040
395061;60;1040
395062;60;1040
395063;60;1040
395065;60;1040
394496;60;1040
215949;50;1040
214038;60;1030
214054;52;1040
383561;60;1040
218743;70;1030
215946;40;1040
215941;40;1040
215939;50;1040
215921;50;1040
214665;50;1040
214650;52;1040
383502;70;1030
384154;60;1040
220778;60;1040
205199;60;1040
205198;60;1040
205197;60;1040
205196;60;1040
205102;70;1040
203002;70;1040
203000;70;1040
202999;70;1040
220856;40;1050
217483;50;1050
214662;50;1040
214663;50;1040
214664;40;1040
214057;50;1040
214058;40;1040
214059;50;1040
214060;50;1040
214061;50;1040
211991;50;1040
211992;40;1040
211993;50;1040
211995;50;1040
211996;50;1040
211998;50;1040
211999;50;1040
213238;50;1050
213236;50;1050
213235;50;1050
213234;50;1050
213231;50;1050
214703;50;1040
202384;50;1040
203754;80;1040
202371;50;1040
202358;50;1040
202357;40;1040
203029;70;1050
203027;70;1050
214670;40;1040
218742;70;1030
218779;60;1040
205146;70;1040
383554;30;1040
217487;50;1050
217485;50;1050
218822;50;1040
220749;50;1040
209213;60;1050
209251;50;1050
213221;50;1050
213220;50;1050
211973;50;1040
211975;50;1040
211976;50;1040
211977;50;1040
211978;50;1040
211979;50;1040
211980;50;1040
211982;50;1040
211983;50;1040
211984;50;1040
214656;50;1040
215403;50;1050
218204;40;1050
384158;50;1050
214691;60;1040
214661;50;1040
205123;70;1040
382883;52;1040
383623;45;1050
220869;50;1050
205098;70;1040
205099;70;1040
205100;70;1040
202997;70;1040
202996;70;1040
202387;50;1040
203017;70;1040
203016;70;1040
203014;70;1040
203013;70;1040
203012;70;1040
203011;70;1040
205151;70;1040
205153;70;1040
205156;70;1040
215973;50;1050
216711;50;1050
216699;50;1050
216701;50;1050
217493;50;1050
216682;50;1050
215972;50;1050
215977;50;1050
215934;50;1040
215932;40;1040
215930;50;1040
215929;50;1040
215928;50;1040
215925;40;1040
214676;52;1040
215365;70;1030
205096;70;1040
203001;70;1040
202405;60;1040
203018;70;1040
203015;70;1040
205103;70;1040
216697;40;1050
216695;40;1050
216694;40;1050
216692;50;1050
216687;50;1050
216681;50;1050
215978;50;1050
215935;50;1040
215933;40;1040
215931;50;1040
214649;52;1040
220827;50;1050
220862;50;1050
215983;50;1050
219408;30;1040
383618;50;1050
214720;50;1050
212583;60;1030
212614;50;1050
213218;40;1050
213222;40;1050
211181;40;1050
213219;40;1050
213217;40;1050
212597;50;1050
216696;40;1050
215944;50;1040
215387;50;1050
215923;40;1040
214651;52;1040
220308;50;1050
200341;90;1050
200337;90;1050
200329;67;1030
200326;67;1030
200325;67;1030
200324;40;1030
200323;40;1030
200321;40;1030
200319;50;1030
200334;50;1050
200333;50;1050
200332;50;1050
200330;50;1050
199676;50;1050
199678;50;1050
199662;50;1030
199660;50;1030
199659;50;1030
199658;40;1030
198950;50;1030
198947;50;1030
198946;50;1030
198945;50;1030
198943;50;1030
198940;50;1030
198939;50;1030
198938;50;1030
198937;50;1030
198936;50;1030
198934;50;1030
198933;50;1030
198932;50;1030
198931;50;1030
198930;50;1030
198928;50;1030
198927;50;1030
198926;50;1030
198923;50;1030
198922;50;1030
198921;50;1030
198919;50;1030
198280;90;1030
198918;50;1030
198929;50;1030
198944;50;1030
198949;50;1030
199656;40;1030
200320;50;1030
200328;67;1030
200369;90;1050
200368;90;1050
200367;50;1050
200347;50;1050
200346;50;1050
200345;50;1050
200342;90;1050
201068;70;1030
220716;50;1040
220855;40;1050
220841;50;1050
220708;50;1040
217517;50;1050
218773;60;1040
219373;50;1040
218206;50;1050
394498;60;1040
395049;60;1040
395050;60;1040
395051;60;1040
395683;60;1040
396380;60;1040
396422;50;1050
396410;70;1040
396411;70;1040
395679;60;1040
395052;60;1040
395056;60;1040
395064;60;1040
395066;60;1040
211178;60;1040
211179;60;1040
209196;60;1040
209195;60;1040
223534;60;1040
223504;52;1040
223503;50;1040
200284;100;1010
200283;100;1010
219421;45;1050
202395;40;1040
383512;80;1030
391735;100;1030
202396;40;1040
202381;50;1040
202377;52;1040
202365;40;1040
382138;130;1010
382137;130;1010
201117;50;1050
201118;50;1050
396397;50;1040
395693;50;1050
395696;50;1050
395697;50;1050
395699;40;1050
395701;40;1050
395702;40;1050
399227;40;1050
399226;40;1050
399229;40;1050
395698;40;1050
395695;50;1050
395703;45;1050
397112;50;1050
397770;50;1040
397773;52;1040
396449;50;1050
396453;50;1050
391686;80;1010
391685;80;1010
391683;80;1010
202367;40;1040
202356;52;1040
220709;50;1040
220854;40;1050
220852;40;1050
220850;50;1050
394556;50;1050
394555;50;1050
395143;50;1050
395137;50;1050
395708;50;1050
205121;4;1040
205131;50;1040
205182;50;1040
220718;50;1040
220837;45;1050
214674;52;1040
394502;50;1050
394501;50;1050
394532;50;1050
394529;50;1050
214710;50;1050
210559;50;1050
210560;50;1050
210561;30;1050
209963;50;1040
209964;50;1040
209965;50;1040
209966;50;1040
209967;40;1040
209968;50;1040
211974;50;1040
205194;50;1040
205193;40;1040
205192;40;1040
205191;40;1040
205190;50;1040
218229;40;1050
383580;60;1040
391734;80;1030
205154;70;1040
217491;50;1050
217446;50;1040
215926;40;1040
215386;50;1050
394506;50;1050
394537;50;1050
394534;50;1050
394531;50;1050
394538;50;1050
203022;60;1050
203009;50;1040
215383;50;1050
214671;52;1040
216707;50;1050
216666;50;1040
199650;100;1020
199651;80;1020
199652;60;1020
199655;60;1020
199614;100;1010
199613;100;1010
200252;100;1010
200254;100;1010
200255;100;1010
384157;50;1050
209179;60;1030
209248;50;1050
209247;50;1050
209214;60;1050
200290;70;1010
200291;70;1010
200312;80;1010
199645;60;1010
199643;60;1010
199642;60;1010
199641;40;1010
199638;40;1010
199636;40;1010
199635;130;1010
199634;130;1010
199632;130;1010
199631;130;1010
199629;130;1010
200253;80;1010
215372;70;1030
199644;60;1010
199630;130;1010
200251;100;1010
209180;80;1030
199640;40;1010
199637;40;1010
199625;100;1010
199624;100;1010
199623;80;1010
199622;80;1010
199621;60;1010
199618;40;1010
199617;130;1010
199615;130;1010
201054;70;1030
200272;80;1010
200287;100;1010
200307;100;1010
200308;80;1010
200309;80;1010
199639;40;1010
199620;40;1010
218833;70;1040
200311;80;1010
200310;60;1010
200249;60;1010
200247;80;1010
200297;100;1010
200298;100;1010
201069;70;1030
199619;40;1010
199616;130;1010
200246;80;1010
209259;50;1050
209913;80;1030
209915;80;1030
199633;130;1010
199653;60;1020
209224;60;1050
209919;60;1030
200288;91;1010
209927;60;1030
383595;50;1050
384169;50;1050
214716;50;1050
200250;60;1010
209216;45;1050
208530;100;1010
200305;100;1010
200306;100;1010
208503;40;1010
208499;40;1010
209977;45;1050
208488;100;1010
218837;50;1050
200248;60;1010
201102;50;1050
200296;80;1010
215400;50;1050
214672;52;1040
201101;50;1050
200293;80;1010
200292;80;1010
215361;70;1030
217506;50;1050
214730;60;1050
200295;80;1010
200294;80;1010
200270;100;1010
200269;130;1010
200268;130;1010
201668;130;1010
202350;130;1010
202348;130;1010
202347;91;1010
202346;91;1010
209249;50;1050
384171;50;1050
218809;60;1040
209956;50;1040
199654;60;1020
209969;50;1050
209975;50;1050
200274;40;1010
200340;90;1050
208494;80;1010
209217;50;1050
209238;45;1050
209239;50;1050
209240;50;1050
208584;50;1050
208586;40;1050
383542;60;1040
218824;50;1040
217494;50;1050
397765;50;1040
397766;50;1040
208498;40;1010
208495;80;1010
208493;80;1010
208492;80;1010
208491;80;1010
395147;50;1050
385639;80;1040
385640;80;1040
382194;80;1040
382193;50;1040
382192;80;1040
209974;45;1050
209233;40;1050
200322;40;1030
200317;50;1030
200315;50;1030
200313;50;1030
199674;50;1030
199673;50;1030
199672;50;1030
199670;50;1030
199667;50;1030
199666;50;1030
199665;40;1030
199663;40;1030
199661;50;1030
215963;40;1050
219412;40;1040
219391;50;1040
219392;50;1040
209971;45;1050
394553;50;1050
394552;50;1050
394549;50;1050
394546;50;1050
202349;130;1010
385638;40;1040
385626;40;1040
385620;70;1040
385618;70;1040
385617;70;1040
385616;50;1040
385615;30;1040
208587;40;1050
208589;50;1050
208590;50;1050
208591;50;1050
208592;50;1050
208597;40;1050
208598;50;1050
208601;50;1050
208604;40;1050
208496;80;1010
386230;80;1030
383583;50;1040
205124;50;1040
205125;50;1040
205126;50;1040
203760;50;1040
203768;50;1040
203769;50;1040
203770;50;1040
203773;50;1040
203774;50;1040
203004;50;1040
202995;70;1040
203753;80;1040
202366;40;1040
383582;50;1040
395126;45;1050
395125;50;1050
395123;50;1050
395110;50;1050
395111;50;1050
208541;130;1010
223522;50;1040
223567;45;1050
223564;60;1050
223572;60;1050
223570;60;1050
223569;45;1050
223510;52;1040
223511;52;1040
208550;100;1010
208500;40;1010
208535;80;1010
383576;60;1040
397793;45;1050
397762;50;1040
397763;50;1040
397764;50;1040
397769;50;1040
395130;50;1050
395118;50;1050
394547;50;1050
205189;50;1040
205188;50;1040
205132;50;1040
219418;20;1050
395046;60;1040
396382;70;1040
396383;70;1040
396386;70;1040
397100;50;1050
395059;60;1040
394540;50;1050
394500;50;1050
394499;50;1050
220849;50;1050
201112;50;1050
201099;50;1050
223520;50;1040
223493;52;1040
223565;60;1050
223571;60;1050
200339;90;1050
201115;50;1050
201098;50;1050
200275;40;1010
200282;100;1010
200271;100;1010
397760;50;1040
396450;50;1050
394541;50;1050
394539;50;1050
383536;60;1040
205136;40;1040
397108;50;1050
395074;60;1050
395073;60;1050
223499;52;1040
397761;50;1040
397767;50;1040
397771;50;1040
396391;50;1040
397098;50;1050
395103;60;1050
205183;50;1040
218823;60;1040
220872;50;1050
397095;50;1050
395120;50;1050
223521;50;1040
223566;60;1050
208557;120;1010
208531;100;1010
395106;60;1050
218207;50;1050
220289;50;1050
220815;50;1050
220863;50;1050
394519;50;1050
395140;50;1050
395692;50;1050
202375;52;1040
214056;50;1040
211994;50;1040
211997;50;1040
212000;50;1040
216670;50;1040
208507;60;1010
208545;80;1010
208511;80;1010
212603;50;1050
212611;50;1050
213223;50;1050
213225;50;1050
213228;50;1050
213232;50;1050
215996;50;1050
214648;52;1040
203021;60;1050
204535;60;1040
232312;50;1050
213252;50;1050
215953;50;1050
215955;40;1050
215960;50;1050
215998;50;1050
231755;40;1050
201100;50;1050
223568;45;1050
223509;52;1040
215962;50;1050
202398;52;1040
202370;40;1040
220291;40;1050
220835;45;1050
220816;50;1050
205097;70;1040
205101;70;1040
202406;80;1040
205155;70;1040
214055;40;1040
213251;50;1050
215954;50;1050
215961;50;1050
223507;52;1040
223506;52;1040
209199;60;1040
209198;60;1040
209197;60;1040
211160;60;1040
213209;50;1050
394548;50;1050
223519;50;1040
223508;52;1040
208497;80;1010
397777;50;1040
396396;50;1040
383572;60;1040
202368;40;1040
232311;50;1050
395676;60;1040
395053;60;1040
394543;50;1050
214050;50;1040
215920;50;1040
217448;50;1040
220312;50;1050
220314;50;1050
220317;50;1050
223505;52;1040
223482;50;1040
223475;80;1040
211182;45;1050
202998;70;1040
212588;60;1030
220831;50;1050
383555;50;1040
394490;60;1040
214655;50;1040
217466;50;1050
220313;50;1050
205157;70;1040
396393;50;1040
383574;50;1040
223481;50;1040
214658;50;1040
204513;60;1040
220777;60;1040
200273;40;1010
397768;50;1040
220783;50;1040
395048;60;1040
396384;70;1040
396387;70;1040
200281;70;1010
402557;52;1040
219434;45;1050
219425;45;1050
220319;40;1050
209255;60;1050
214052;40;1040
220825;50;1050
220861;50;1050
223492;52;1040
201106;50;1050
402601;50;1040
201113;50;1050
395104;60;1050
395057;60;1040
396409;52;1040
394535;50;1050
208505;80;1010
212609;50;1050
212612;50;1050
213227;50;1050
215958;50;1050
220865;50;1050
204530;60;1040
394550;50;1050
394518;50;1050
209241;50;1050
208585;50;1050
210555;40;1050
210556;40;1050
205158;70;1040
203042;45;1050
216679;40;1040
223491;52;1040
202369;40;1040
214045;50;1040
204521;60;1040
220823;50;1050
204520;60;1040
216003;50;1050
220832;50;1050
395694;50;1050
394542;50;1050
215990;50;1050
216702;50;1050
205205;50;1050
216683;50;1050
383517;70;1030
384161;50;1050
220851;50;1050
394554;50;1050
394551;50;1050
396388;70;1040
220275;50;1050
202359;50;1040
207792;45;1050
207791;45;1050
207790;45;1050
207788;50;1050
207787;90;1050
207786;40;1050
208575;40;1050
208576;40;1050
208583;45;1050
208620;45;1050
208619;45;1050
208617;50;1050
208615;50;1050
208613;50;1050
208612;50;1050
208610;50;1050
208608;50;1050
208605;40;1050
208602;50;1050
208599;50;1050
208594;40;1050
208588;40;1050
395047;60;1040
390993;100;1010
402551;40;1040
402552;52;1040
402610;50;1040
402611;50;1040
395114;50;1050
220876;50;1050
396418;50;1050
382203;40;1040
382228;40;1040
385613;30;1040
384851;40;1040
384847;50;1040
382891;50;1040
397759;50;1040
203734;50;1040
385612;30;1040
382894;50;1040
395089;60;1050
395090;60;1050
395075;60;1050
202390;40;1040
203043;45;1050
203006;40;1040
203732;50;1040
203733;50;1040
203738;50;1040
203739;50;1040
203741;50;1040
203742;50;1040
203765;50;1040
203746;50;1040
205127;50;1040
205128;50;1040
205129;50;1040
205130;50;1040
216713;45;1050
394504;50;1050
394536;50;1050
394524;50;1050
202392;40;1040
203007;40;1040
203740;50;1040
203743;50;1040
203747;50;1040
397755;50;1040
397792;50;1050
397791;40;1050
397789;40;1050
397788;40;1050
397786;40;1050
397785;40;1050
403314;45;1050
403272;50;1040
402540;50;1040
402544;50;1040
402542;50;1040
212002;50;1040
212004;50;1040
212005;50;1040
212007;40;1040
212001;50;1040
209941;50;1040
209942;50;1040
209944;40;1040
209945;40;1040
209947;50;1040
209949;50;1040
209950;50;1040
209951;50;1040
209953;50;1040
209955;50;1040
203737;50;1040
395081;50;1050
395086;50;1050
395083;50;1050
395082;50;1050
399211;50;1050
402541;50;1040
385641;50;1040
212003;50;1040
209940;40;1040
205187;50;1040
233080;50;1050
233082;50;1050
233083;50;1050
233084;40;1050
233085;40;1050
233072;50;1050
233074;50;1050
233076;40;1050
394507;50;1050
213250;50;1050
213248;50;1050
213244;50;1050
213242;50;1050
213240;50;1050
213237;50;1050
213224;50;1050
212613;50;1050
203008;40;1040
203759;50;1040
203757;50;1040
203771;50;1040
203005;40;1040
200343;50;1050
200349;50;1050
200364;40;1050
200361;40;1050
200359;50;1050
200357;50;1050
200356;50;1050
200354;40;1050
210558;50;1050
210557;40;1050
213215;50;1050
211170;60;1040
209972;45;1050
209948;50;1040
223528;80;1040
209943;50;1040
203736;50;1040
203762;50;1040
204568;60;1050
203758;50;1040
202397;40;1040
203745;50;1040
395085;50;1050
399212;50;1050
399213;50;1050
399214;50;1050
399216;50;1050
399217;50;1050
399225;40;1050
399230;40;1050
403317;45;1050
403318;45;1050
403321;45;1050
403322;45;1050
403324;45;1050
403275;40;1040
403276;50;1040
403279;50;1040
403280;50;1040
403283;50;1040
403284;50;1040
403285;50;1040
403286;50;1040
403287;50;1040
403290;40;1040
403293;40;1040
395101;60;1050
395100;60;1050
395098;60;1050
395097;60;1050
395093;60;1050
395077;60;1050
395079;60;1050
395080;60;1050
399237;45;1050
395700;40;1050
403315;45;1050
403313;45;1050
397787;40;1050
397790;40;1050
402605;50;1040
386235;50;1050
385648;30;1040
213216;50;1050
211180;40;1050
233081;50;1050
233086;50;1050
233070;50;1050
233071;50;1050
231742;50;1050
220305;50;1050
395688;45;1050
396392;50;1040
397784;40;1050
403316;45;1050
403319;45;1050
403323;45;1050
403273;50;1040
399219;40;1050
398505;45;1050
217516;50;1050
212006;50;1040
209258;60;1050
204522;60;1040
398502;60;1050
398501;40;1050
398500;40;1050
398499;60;1050
395095;60;1050
210569;40;1050
210563;40;1050
210562;50;1050
211981;50;1040
203772;50;1040
395102;60;1050
399221;40;1050
198925;50;1030
199657;40;1030
199664;40;1030
199668;50;1030
199671;50;1030
200327;67;1030
200348;50;1050
386253;50;1050
399232;40;1050
203744;50;1040
395096;60;1050
398518;60;1050
398504;45;1050
403274;40;1040
402547;50;1040
398520;40;1050
396419;50;1050
403320;45;1050
210577;40;1050
209959;50;1040
209960;50;1040
209961;40;1040
205195;50;1040
396401;50;1040
396402;70;1040
396403;70;1040
396405;70;1040
396407;70;1040
396408;70;1040
395682;60;1040
383527;60;1030
205175;50;1040
204534;60;1040
209232;40;1050
220320;45;1050
208487;100;1010
208486;100;1010
208485;100;1010
208482;100;1010
208509;80;1010
220877;50;1050
198924;50;1030
233075;50;1050
399233;40;1050
215957;50;1050
233068;40;1050
213245;50;1050
213243;50;1050
213241;50;1050
213233;50;1050
213230;50;1050
212604;50;1050
395087;50;1050
398522;40;1050
398519;40;1050
399215;50;1050
399238;45;1050
213198;50;1050
402565;50;1040
402539;50;1040
402538;50;1040
402537;50;1040
397758;50;1040
216662;50;1040
233069;50;1050
233087;50;1050
233106;50;1050
233105;50;1050
402545;50;1040
402614;50;1040
384842;70;1030
208518;100;1010
208519;100;1010
208522;100;1010
208524;100;1010
208525;100;1010
214677;52;1040
210564;40;1050
233104;50;1050
215936;52;1040
208484;100;1010
201087;50;1050
201085;50;1050
201083;50;1050
201081;50;1050
201080;50;1050
201079;50;1050
201077;50;1050
201075;50;1050
201074;50;1050
201073;50;1050
201072;50;1050
200350;40;1050
200351;40;1050
200358;50;1050
200360;50;1050
200363;40;1050
200365;50;1050
199680;50;1050
199684;50;1050
199685;50;1050
199686;50;1050
199688;50;1050
199689;50;1050
199690;50;1050
199691;50;1050
199692;50;1050
199699;50;1050
200355;50;1050
201082;50;1050
216698;40;1050
396404;70;1040
396406;70;1040
231738;50;1050
201096;50;1050
213246;50;1050
213249;50;1050
402555;52;1040
386197;80;1030
220765;50;1040
203761;50;1040
391676;40;1010
209962;40;1040
402572;50;1040
202376;52;1040
395078;60;1050
220853;40;1050
395107;45;1050
395099;60;1050
396390;70;1040
223484;50;1040
398503;45;1050
395076;60;1050
220830;50;1050
402543;50;1040
203033;50;1050
215956;40;1050
396420;50;1050
403277;50;1040
203767;50;1040
391724;80;1030
399228;40;1050
399234;40;1050
386252;50;1050
395088;60;1050
395105;60;1050
398521;40;1050
391652;91;1010
200314;50;1030
200336;45;1050
200338;90;1050
402612;50;1040
396416;50;1050
394527;50;1050
223523;52;1040
223495;52;1040
223494;52;1040
208523;100;1010
216700;50;1050
403343;40;1050
403342;40;1050
403341;40;1050
403340;50;1050
403339;50;1050
403337;50;1050
403336;50;1050
403335;50;1050
403334;50;1050
403333;50;1050
216719;50;1050
199669;50;1030
200316;50;1030
200318;50;1030
201116;50;1050
220867;50;1050
402553;52;1040
208611;50;1050
208614;50;1050
208616;50;1050
207793;45;1050
203003;50;1040
210579;40;1050
382199;50;1040
382200;50;1040
382207;80;1040
382209;60;1040
382210;80;1040
382211;80;1040
382213;60;1040
382214;60;1040
382215;80;1040
391020;80;1040
391021;80;1040
382165;80;1040
382164;60;1040
382163;80;1040
382166;80;1040
391023;80;1040
382216;80;1040
382217;52;1040
382219;60;1040
382220;80;1040
382221;80;1040
382222;60;1040
382224;80;1040
382225;80;1040
382226;80;1040
382227;80;1040
210575;40;1050
383559;50;1040
382888;50;1040
223524;52;1040
199698;45;1050
199696;50;1050
223502;50;1040
223490;52;1040
395690;45;1050
383601;45;1050
211985;50;1040
383613;50;1050
383614;50;1050
210578;40;1050
210574;40;1050
205204;50;1050
402583;50;1040
220828;50;1050
403282;50;1040
200370;90;1050
198942;50;1030
200335;50;1050
199675;50;1050
199679;50;1050
199682;50;1050
199687;50;1050
199683;50;1050
382195;40;1040
382205;80;1040
382206;80;1040
208625;40;1050
209973;45;1050
199693;50;1050
199694;45;1050
223485;52;1040
395134;45;1050
382212;60;1040
403294;40;1040
403289;40;1040
403281;50;1040
220868;50;1050
198935;50;1030
207789;45;1050
207785;40;1050
208582;45;1050
208609;50;1050
208607;50;1050
208603;40;1050
208600;50;1050
208595;40;1050
199677;50;1050
200331;50;1050
208483;100;1010
208580;40;1050
208596;40;1050
200344;50;1050
223496;52;1040
223489;52;1040
399236;40;1050
399220;40;1050
208606;40;1050
208621;45;1050
200371;90;1050
208581;40;1050
208622;40;1050
208578;40;1050
208577;40;1050
209946;50;1040
210573;40;1050
210566;40;1050
399223;40;1050
209970;45;1050
209957;50;1040
208618;50;1050
208623;40;1050
396385;52;1040
223497;52;1040
208521;100;1010
203764;40;1040
208593;40;1050
205122;4;1040
203763;50;1040
223488;52;1040
223487;52;1040
223486;52;1040
391684;80;1010
209218;50;1050
395094;45;1050
386254;50;1050
395092;60;1050
399222;45;1050
399224;40;1050
395091;60;1050
395084;50;1050
395112;45;1050
208624;40;1050
395113;45;1050
391732;100;1030
205166;52;1040
213247;50;1050
213239;50;1050
383610;45;1050
201103;50;1050
213226;50;1050
218231;50;1050
218224;40;1050
202383;50;1040
220838;50;1050
223446;120;1010
219423;45;1050
220879;50;1050
203035;50;1050
399218;45;1050
385622;60;1040
204507;52;1040
381425;130;1010
210572;40;1050
210565;40;1050
402554;52;1040
204564;60;1050
201076;50;1050
201078;50;1050
210568;50;1050
403288;40;1040
403292;40;1040
402580;50;1040
210567;50;1050
231754;45;1050
201084;50;1050
210571;45;1050
210570;45;1050
199695;45;1050
200362;40;1050
200366;50;1050
208506;60;1010
382208;60;1040
382167;60;1040
391022;80;1040
382201;50;1040
199681;50;1050
403278;50;1040
203735;50;1040
208579;40;1050
403291;40;1040
403338;50;1050
382218;60;1040
382202;50;1040
213229;50;1050
198920;50;1030
198948;50;1030
200352;45;1050
396395;50;1040
198951;40;1030
198941;50;1030
385614;30;1040
402613;50;1040
233077;45;1050
385619;70;1040
385627;40;1040
383621;50;1050
233073;50;1050
218225;40;1050
396415;50;1050
215959;50;1050
201089;50;1050
200353;40;1050
199697;50;1050
220866;50;1050
201086;50;1050
210582;40;1050
210580;40;1050
210576;40;1050
210581;40;1050
223498;52;1040
204531;60;1040
201088;50;1050
391668;130;1010
382223;52;1040
203010;50;1040
394545;50;1050
231757;45;1050
394544;50;1050
399235;40;1050
395117;50;1050
203766;50;1040
391675;40;1010
